song_id,title,artist,dataset,danceability,energy,key,loudness,mode,speechiness,acousticness,instrumentalness,liveness,valence,tempo,type,uri,track_href,analysis_url,duration_ms,time_signature
4LRPiXqCikLlN15c3yImP7,As It Was,Harry Styles,H,0.52,0.731,6,-5.338,0,0.0557,0.342,0.00101,0.311,0.662,173.93,audio_features,spotify:track:4LRPiXqCikLlN15c3yImP7,https://api.spotify.com/v1/tracks/4LRPiXqCikLlN15c3yImP7,https://api.spotify.com/v1/audio-analysis/4LRPiXqCikLlN15c3yImP7,167303,4
1rDQ4oMwGJI7B4tovsBOxc,First Class,Jack Harlow,H,0.905,0.563,8,-6.135,1,0.102,0.0254,9.71e-06,0.113,0.324,106.998,audio_features,spotify:track:1rDQ4oMwGJI7B4tovsBOxc,https://api.spotify.com/v1/tracks/1rDQ4oMwGJI7B4tovsBOxc,https://api.spotify.com/v1/audio-analysis/1rDQ4oMwGJI7B4tovsBOxc,173948,4
1PckUlxKqWQs3RlWXVBLw3,About Damn Time,Lizzo,H,0.836,0.743,10,-6.305,0,0.0656,0.0995,0.0,0.335,0.722,108.966,audio_features,spotify:track:1PckUlxKqWQs3RlWXVBLw3,https://api.spotify.com/v1/tracks/1PckUlxKqWQs3RlWXVBLw3,https://api.spotify.com/v1/audio-analysis/1PckUlxKqWQs3RlWXVBLw3,191822,4
3USxtqRwSYz57Ewm6wWRMp,Heat Waves,Glass Animals,H,0.761,0.525,11,-6.9,1,0.0944,0.44,6.7e-06,0.0921,0.531,80.87,audio_features,spotify:track:3USxtqRwSYz57Ewm6wWRMp,https://api.spotify.com/v1/tracks/3USxtqRwSYz57Ewm6wWRMp,https://api.spotify.com/v1/audio-analysis/3USxtqRwSYz57Ewm6wWRMp,238805,4
6Zu3aw7FfjAF9WA0fA81Oq,Big Energy,Latto,H,0.935,0.807,11,-3.838,0,0.114,0.0514,0.0,0.349,0.813,106.017,audio_features,spotify:track:6Zu3aw7FfjAF9WA0fA81Oq,https://api.spotify.com/v1/tracks/6Zu3aw7FfjAF9WA0fA81Oq,https://api.spotify.com/v1/audio-analysis/6Zu3aw7FfjAF9WA0fA81Oq,173182,4
29d0nY7TzCoi22XBqDQkiP,Running Up That Hill (A Deal With God),Kate Bush,H,0.625,0.533,10,-11.903,0,0.0596,0.659,0.00266,0.0546,0.139,108.296,audio_features,spotify:track:29d0nY7TzCoi22XBqDQkiP,https://api.spotify.com/v1/tracks/29d0nY7TzCoi22XBqDQkiP,https://api.spotify.com/v1/audio-analysis/29d0nY7TzCoi22XBqDQkiP,300840,4
1qEmFfgcLObUfQm0j1W2CK,Late Night Talking,Harry Styles,H,0.714,0.728,10,-4.595,1,0.0468,0.298,0.0,0.106,0.901,114.996,audio_features,spotify:track:1qEmFfgcLObUfQm0j1W2CK,https://api.spotify.com/v1/tracks/1qEmFfgcLObUfQm0j1W2CK,https://api.spotify.com/v1/audio-analysis/1qEmFfgcLObUfQm0j1W2CK,177955,4
1IHWl5LamUGEuP4ozKQSXZ,Titi Me Pregunto,Bad Bunny,H,0.65,0.715,5,-5.198,0,0.253,0.0993,0.000291,0.126,0.187,106.672,audio_features,spotify:track:1IHWl5LamUGEuP4ozKQSXZ,https://api.spotify.com/v1/tracks/1IHWl5LamUGEuP4ozKQSXZ,https://api.spotify.com/v1/audio-analysis/1IHWl5LamUGEuP4ozKQSXZ,243717,4
3cBsEDNhFI9E82vPj3kvi3,Wasted On You,Morgan Wallen,H,0.505,0.657,11,-5.24,0,0.0318,0.373,0.00107,0.126,0.252,196.0,audio_features,spotify:track:3cBsEDNhFI9E82vPj3kvi3,https://api.spotify.com/v1/tracks/3cBsEDNhFI9E82vPj3kvi3,https://api.spotify.com/v1/audio-analysis/3cBsEDNhFI9E82vPj3kvi3,178520,3
6Xom58OOXk2SoU711L2IXO,Moscow Mule,Bad Bunny,H,0.804,0.674,5,-5.453,0,0.0333,0.294,1.18e-06,0.115,0.292,99.968,audio_features,spotify:track:6Xom58OOXk2SoU711L2IXO,https://api.spotify.com/v1/tracks/6Xom58OOXk2SoU711L2IXO,https://api.spotify.com/v1/audio-analysis/6Xom58OOXk2SoU711L2IXO,245940,4
6I3mqTwhRpn34SLVafSH7G,Ghost,Justin Bieber,H,0.601,0.741,2,-5.569,1,0.0478,0.185,2.91e-05,0.415,0.441,153.96,audio_features,spotify:track:6I3mqTwhRpn34SLVafSH7G,https://api.spotify.com/v1/tracks/6I3mqTwhRpn34SLVafSH7G,https://api.spotify.com/v1/audio-analysis/6I3mqTwhRpn34SLVafSH7G,153190,4
59CfNbkERJ3NoTXDvoURjj,Boyfriend,Dove Cameron,H,0.345,0.612,7,-6.543,0,0.0608,0.232,0.0,0.194,0.232,179.773,audio_features,spotify:track:59CfNbkERJ3NoTXDvoURjj,https://api.spotify.com/v1/tracks/59CfNbkERJ3NoTXDvoURjj,https://api.spotify.com/v1/audio-analysis/59CfNbkERJ3NoTXDvoURjj,153000,3
6Uj1ctrBOjOas8xZXGqKk4,Woman,Doja Cat,H,0.824,0.764,5,-4.175,0,0.0854,0.0888,0.00294,0.117,0.881,107.998,audio_features,spotify:track:6Uj1ctrBOjOas8xZXGqKk4,https://api.spotify.com/v1/tracks/6Uj1ctrBOjOas8xZXGqKk4,https://api.spotify.com/v1/audio-analysis/6Uj1ctrBOjOas8xZXGqKk4,172627,4
3rmo8F54jFF8OgYsqTxm5d,Bad Habits,Ed Sheeran,H,0.807,0.893,11,-3.745,0,0.0347,0.0451,2.79e-05,0.366,0.537,126.011,audio_features,spotify:track:3rmo8F54jFF8OgYsqTxm5d,https://api.spotify.com/v1/tracks/3rmo8F54jFF8OgYsqTxm5d,https://api.spotify.com/v1/audio-analysis/3rmo8F54jFF8OgYsqTxm5d,230747,4
3o9kpgkIcffx0iSwxhuNI2,Numb Little Bug,Em Beihold,H,0.742,0.527,8,-6.892,0,0.0769,0.327,0.0,0.25,0.638,84.974,audio_features,spotify:track:3o9kpgkIcffx0iSwxhuNI2,https://api.spotify.com/v1/tracks/3o9kpgkIcffx0iSwxhuNI2,https://api.spotify.com/v1/audio-analysis/3o9kpgkIcffx0iSwxhuNI2,169238,4
4A8cWXxKfIL3lAyUDzXbCF,Super Gremlin,Kodak Black,H,0.825,0.414,2,-6.634,1,0.144,0.00265,0.0,0.357,0.106,72.993,audio_features,spotify:track:4A8cWXxKfIL3lAyUDzXbCF,https://api.spotify.com/v1/tracks/4A8cWXxKfIL3lAyUDzXbCF,https://api.spotify.com/v1/audio-analysis/4A8cWXxKfIL3lAyUDzXbCF,200548,4
5uU1uuyaUIBOiiUSQG7Wl3,You Proof,Morgan Wallen,H,0.731,0.85,9,-4.913,1,0.0336,0.252,0.0,0.605,0.644,119.706,audio_features,spotify:track:5uU1uuyaUIBOiiUSQG7Wl3,https://api.spotify.com/v1/tracks/5uU1uuyaUIBOiiUSQG7Wl3,https://api.spotify.com/v1/audio-analysis/5uU1uuyaUIBOiiUSQG7Wl3,157478,4
2afB4eV1KWBqLqFqME6PTh,Take My Name,Parmalee,H,0.559,0.66,7,-4.143,1,0.0512,0.222,0.0,0.193,0.574,163.957,audio_features,spotify:track:2afB4eV1KWBqLqFqME6PTh,https://api.spotify.com/v1/tracks/2afB4eV1KWBqLqFqME6PTh,https://api.spotify.com/v1/audio-analysis/2afB4eV1KWBqLqFqME6PTh,157907,4
50nfwKoDiSYg8zOCREWAm5,Shivers,Ed Sheeran,H,0.788,0.859,2,-2.724,1,0.0856,0.281,0.0,0.0424,0.822,141.02,audio_features,spotify:track:50nfwKoDiSYg8zOCREWAm5,https://api.spotify.com/v1/tracks/50nfwKoDiSYg8zOCREWAm5,https://api.spotify.com/v1/audio-analysis/50nfwKoDiSYg8zOCREWAm5,207853,4
0e8nrvls4Qqv5Rfa2UhqmO,Thats What I Want,Lil Nas X,H,0.737,0.846,1,-4.51,0,0.22,0.00614,0.0,0.0486,0.546,87.981,audio_features,spotify:track:0e8nrvls4Qqv5Rfa2UhqmO,https://api.spotify.com/v1/tracks/0e8nrvls4Qqv5Rfa2UhqmO,https://api.spotify.com/v1/audio-analysis/0e8nrvls4Qqv5Rfa2UhqmO,143901,4
6zSpb8dQRaw0M1dK8PBwQz,Cold Heart (PNAU Remix),Elton John & Dua Lipa,H,0.796,0.798,1,-6.312,1,0.0317,0.034,4.19e-05,0.0952,0.942,116.032,audio_features,spotify:track:6zSpb8dQRaw0M1dK8PBwQz,https://api.spotify.com/v1/tracks/6zSpb8dQRaw0M1dK8PBwQz,https://api.spotify.com/v1/audio-analysis/6zSpb8dQRaw0M1dK8PBwQz,202735,4
1dm6z1fWB0cErMszU25dy2,Despues de La Playa,Bad Bunny,H,0.564,0.903,5,-3.221,1,0.307,0.356,0.0,0.175,0.607,78.293,audio_features,spotify:track:1dm6z1fWB0cErMszU25dy2,https://api.spotify.com/v1/tracks/1dm6z1fWB0cErMszU25dy2,https://api.spotify.com/v1/audio-analysis/1dm6z1fWB0cErMszU25dy2,230400,4
77oKig47u34qCCFWKMfu1e,AA,Walker Hayes,H,0.635,0.747,4,-6.227,1,0.0293,0.00313,0.0,0.346,0.753,104.027,audio_features,spotify:track:77oKig47u34qCCFWKMfu1e,https://api.spotify.com/v1/tracks/77oKig47u34qCCFWKMfu1e,https://api.spotify.com/v1/audio-analysis/77oKig47u34qCCFWKMfu1e,189560,4
3HO30hRbkOLU6ZWERayfQO,Trouble With A Heartbreak,Jason Aldean,H,0.582,0.797,5,-4.926,1,0.0334,0.23,0.0,0.132,0.595,135.973,audio_features,spotify:track:3HO30hRbkOLU6ZWERayfQO,https://api.spotify.com/v1/tracks/3HO30hRbkOLU6ZWERayfQO,https://api.spotify.com/v1/audio-analysis/3HO30hRbkOLU6ZWERayfQO,196027,4
1qMMYpVatbRITKCfq1gasi,Puffin On Zootiez,Future,H,0.883,0.657,8,-5.748,1,0.305,0.0603,0.0,0.128,0.284,124.992,audio_features,spotify:track:1qMMYpVatbRITKCfq1gasi,https://api.spotify.com/v1/tracks/1qMMYpVatbRITKCfq1gasi,https://api.spotify.com/v1/audio-analysis/1qMMYpVatbRITKCfq1gasi,172933,4
7dSZ6zGTQx66c2GF91xCrb,Provenza,Karol G,H,0.87,0.516,1,-8.006,1,0.0541,0.656,0.00823,0.11,0.53,111.005,audio_features,spotify:track:7dSZ6zGTQx66c2GF91xCrb,https://api.spotify.com/v1/tracks/7dSZ6zGTQx66c2GF91xCrb,https://api.spotify.com/v1/audio-analysis/7dSZ6zGTQx66c2GF91xCrb,210200,4
4k3lPl8YTKuY8c1HelVnm3,'Til You Can't,Cody Johnson,H,0.501,0.815,1,-4.865,1,0.0436,0.0513,0.0,0.106,0.46,160.087,audio_features,spotify:track:4k3lPl8YTKuY8c1HelVnm3,https://api.spotify.com/v1/tracks/4k3lPl8YTKuY8c1HelVnm3,https://api.spotify.com/v1/audio-analysis/4k3lPl8YTKuY8c1HelVnm3,224213,4
0fX4oNGBWO3dSGUZcVdVV2,N95,Kendrick Lamar,H,0.79,0.67,1,-5.527,1,0.105,0.377,2.32e-06,0.119,0.408,139.956,audio_features,spotify:track:0fX4oNGBWO3dSGUZcVdVV2,https://api.spotify.com/v1/tracks/0fX4oNGBWO3dSGUZcVdVV2,https://api.spotify.com/v1/audio-analysis/0fX4oNGBWO3dSGUZcVdVV2,195950,4
3WMj8moIAXJhHsyLaqIIHI,Something In The Orange,Zach Bryan,H,0.369,0.192,4,-12.151,0,0.04,0.555,8.35e-06,0.0954,0.148,175.212,audio_features,spotify:track:3WMj8moIAXJhHsyLaqIIHI,https://api.spotify.com/v1/tracks/3WMj8moIAXJhHsyLaqIIHI,https://api.spotify.com/v1/audio-analysis/3WMj8moIAXJhHsyLaqIIHI,228013,3
5LYMamLv12UPbemOaTPyeV,Music For A Sushi Restaurant,Harry Styles,H,0.72,0.715,11,-4.652,1,0.04,0.258,0.0568,0.107,0.357,107.041,audio_features,spotify:track:5LYMamLv12UPbemOaTPyeV,https://api.spotify.com/v1/tracks/5LYMamLv12UPbemOaTPyeV,https://api.spotify.com/v1/audio-analysis/5LYMamLv12UPbemOaTPyeV,193813,4
6uvh0In7u1Xn4HgxOfAn8O,Matilda,Harry Styles,H,0.507,0.294,2,-10.0,1,0.04,0.896,1.97e-05,0.0966,0.386,114.199,audio_features,spotify:track:6uvh0In7u1Xn4HgxOfAn8O,https://api.spotify.com/v1/tracks/6uvh0In7u1Xn4HgxOfAn8O,https://api.spotify.com/v1/audio-analysis/6uvh0In7u1Xn4HgxOfAn8O,245964,4
1r8ZCjfrQxoy2wVaBUbpwg,Thousand Miles,The Kid LAROI,H,0.376,0.657,7,-4.658,1,0.0768,0.0858,0.0,0.0884,0.203,80.565,audio_features,spotify:track:1r8ZCjfrQxoy2wVaBUbpwg,https://api.spotify.com/v1/tracks/1r8ZCjfrQxoy2wVaBUbpwg,https://api.spotify.com/v1/audio-analysis/1r8ZCjfrQxoy2wVaBUbpwg,164782,4
0IuVhCflrQPMGRrOyoY5RW,She's All I Wanna Be,Tate McRae,H,0.614,0.644,2,-5.372,0,0.0426,0.0134,7.07e-06,0.117,0.651,160.036,audio_features,spotify:track:0IuVhCflrQPMGRrOyoY5RW,https://api.spotify.com/v1/tracks/0IuVhCflrQPMGRrOyoY5RW,https://api.spotify.com/v1/audio-analysis/0IuVhCflrQPMGRrOyoY5RW,206772,4
3ihIZrJreMJPjQdNLrEXnP,In A Minute,Lil Baby,H,0.643,0.605,4,-5.968,0,0.297,0.0336,0.0,0.112,0.145,84.216,audio_features,spotify:track:3ihIZrJreMJPjQdNLrEXnP,https://api.spotify.com/v1/tracks/3ihIZrJreMJPjQdNLrEXnP,https://api.spotify.com/v1/audio-analysis/3ihIZrJreMJPjQdNLrEXnP,200471,4
51Zw1cKDgkad0CXv23HCMU,Daylight,Harry Styles,H,0.686,0.445,0,-7.189,1,0.0398,0.484,0.00144,0.175,0.626,145.5,audio_features,spotify:track:51Zw1cKDgkad0CXv23HCMU,https://api.spotify.com/v1/tracks/51Zw1cKDgkad0CXv23HCMU,https://api.spotify.com/v1/audio-analysis/51Zw1cKDgkad0CXv23HCMU,164533,3
4jp9FimhP2bQ93vR0A5r7b,Damn Strait,Scotty McCreery,H,0.523,0.64,4,-6.15,1,0.0295,0.0512,5.52e-05,0.0675,0.48,144.022,audio_features,spotify:track:4jp9FimhP2bQ93vR0A5r7b,https://api.spotify.com/v1/tracks/4jp9FimhP2bQ93vR0A5r7b,https://api.spotify.com/v1/audio-analysis/4jp9FimhP2bQ93vR0A5r7b,230227,4
0W6I02J9xcqK8MtSeosEXb,Get Into It (Yuh),Doja Cat,H,0.912,0.655,8,-6.029,0,0.162,0.315,3.39e-05,0.0894,0.793,91.942,audio_features,spotify:track:0W6I02J9xcqK8MtSeosEXb,https://api.spotify.com/v1/tracks/0W6I02J9xcqK8MtSeosEXb,https://api.spotify.com/v1/audio-analysis/0W6I02J9xcqK8MtSeosEXb,138293,4
5Eax0qFko2dh7Rl2lYs3bx,Efecto,Bad Bunny,H,0.801,0.475,7,-8.797,0,0.0516,0.141,1.73e-05,0.0639,0.234,98.047,audio_features,spotify:track:5Eax0qFko2dh7Rl2lYs3bx,https://api.spotify.com/v1/tracks/5Eax0qFko2dh7Rl2lYs3bx,https://api.spotify.com/v1/audio-analysis/5Eax0qFko2dh7Rl2lYs3bx,213061,4
3lzUeaCbcCDB5IXYfqWRlF,Silent Hill,Kendrick Lamar & Kodak Black,H,0.907,0.577,1,-6.737,0,0.0767,0.438,3.19e-05,0.137,0.801,140.07,audio_features,spotify:track:3lzUeaCbcCDB5IXYfqWRlF,https://api.spotify.com/v1/tracks/3lzUeaCbcCDB5IXYfqWRlF,https://api.spotify.com/v1/audio-analysis/3lzUeaCbcCDB5IXYfqWRlF,220779,4
2g6tReTlM2Akp41g0HaeXN,Die Hard,"Kendrick Lamar, Blxst & Amanda Reifer",H,0.775,0.736,1,-8.072,0,0.247,0.319,0.00116,0.127,0.362,100.988,audio_features,spotify:track:2g6tReTlM2Akp41g0HaeXN,https://api.spotify.com/v1/tracks/2g6tReTlM2Akp41g0HaeXN,https://api.spotify.com/v1/audio-analysis/2g6tReTlM2Akp41g0HaeXN,239027,4
0oWraSo5ASJ0h1BEagTyEw,Hold My Hand,Lady Gaga,H,0.519,0.617,7,-4.287,1,0.0313,0.0387,0.0,0.401,0.222,147.708,audio_features,spotify:track:0oWraSo5ASJ0h1BEagTyEw,https://api.spotify.com/v1/tracks/0oWraSo5ASJ0h1BEagTyEw,https://api.spotify.com/v1/audio-analysis/0oWraSo5ASJ0h1BEagTyEw,225300,3
5gVCfYmQRPy1QJifP8f5gg,Fall In Love,Bailey Zimmerman,H,0.524,0.643,9,-6.055,1,0.0297,0.451,0.0,0.221,0.397,135.962,audio_features,spotify:track:5gVCfYmQRPy1QJifP8f5gg,https://api.spotify.com/v1/tracks/5gVCfYmQRPy1QJifP8f5gg,https://api.spotify.com/v1/audio-analysis/5gVCfYmQRPy1QJifP8f5gg,232059,4
3rF1pPjaDjWuIUCTXpMGIv,To The Moon!,JNR CHOI & Sam Tompkins,H,0.782,0.733,7,-5.112,1,0.399,0.269,0.0,0.134,0.599,144.098,audio_features,spotify:track:3rF1pPjaDjWuIUCTXpMGIv,https://api.spotify.com/v1/tracks/3rF1pPjaDjWuIUCTXpMGIv,https://api.spotify.com/v1/audio-analysis/3rF1pPjaDjWuIUCTXpMGIv,218880,4
1fff5nZGyRJtFLkOrSSwOU,Slow Down Summer,Thomas Rhett,H,0.464,0.755,4,-5.707,1,0.0354,0.00838,0.0,0.0989,0.449,155.973,audio_features,spotify:track:1fff5nZGyRJtFLkOrSSwOU,https://api.spotify.com/v1/tracks/1fff5nZGyRJtFLkOrSSwOU,https://api.spotify.com/v1/audio-analysis/1fff5nZGyRJtFLkOrSSwOU,216764,4
3i058E8uxTsYqJ5NWZzqSj,Little Freak,Harry Styles,H,0.559,0.535,3,-7.723,1,0.039,0.719,0.000143,0.0954,0.402,141.96,audio_features,spotify:track:3i058E8uxTsYqJ5NWZzqSj,https://api.spotify.com/v1/tracks/3i058E8uxTsYqJ5NWZzqSj,https://api.spotify.com/v1/audio-analysis/3i058E8uxTsYqJ5NWZzqSj,202183,4
30vAfL9Wyu2fu07vdbZ1Xt,See Wat I'm Sayin,Moneybagg Yo,H,0.936,0.497,1,-7.185,1,0.41,0.0324,0.0,0.111,0.364,138.016,audio_features,spotify:track:30vAfL9Wyu2fu07vdbZ1Xt,https://api.spotify.com/v1/tracks/30vAfL9Wyu2fu07vdbZ1Xt,https://api.spotify.com/v1/audio-analysis/30vAfL9Wyu2fu07vdbZ1Xt,146732,4
4j6kId9QIqhoXvqHKgSKa0,Grapejuice,Harry Styles,H,0.645,0.721,5,-4.394,1,0.0336,0.357,0.143,0.204,0.88,182.928,audio_features,spotify:track:4j6kId9QIqhoXvqHKgSKa0,https://api.spotify.com/v1/tracks/4j6kId9QIqhoXvqHKgSKa0,https://api.spotify.com/v1/audio-analysis/4j6kId9QIqhoXvqHKgSKa0,191959,4
5CzixCxDkRXX9mScCmah8O,Un Ratito,Bad Bunny,H,0.787,0.546,0,-7.094,0,0.0532,0.305,4.55e-05,0.122,0.222,93.05,audio_features,spotify:track:5CzixCxDkRXX9mScCmah8O,https://api.spotify.com/v1/tracks/5CzixCxDkRXX9mScCmah8O,https://api.spotify.com/v1/audio-analysis/5CzixCxDkRXX9mScCmah8O,176936,4
0U1W2LZVUX7qTm7dDpqxh6,When You're Gone,Shawn Mendes,H,0.603,0.691,5,-5.805,1,0.0372,0.0248,0.0,0.583,0.577,147.148,audio_features,spotify:track:0U1W2LZVUX7qTm7dDpqxh6,https://api.spotify.com/v1/tracks/0U1W2LZVUX7qTm7dDpqxh6,https://api.spotify.com/v1/audio-analysis/0U1W2LZVUX7qTm7dDpqxh6,172267,4
0rzaRSujxA0bKyjJl6vHYq,Satellite,Harry Styles,H,0.576,0.457,0,-6.473,1,0.0304,0.143,3.05e-05,0.0917,0.301,138.984,audio_features,spotify:track:0rzaRSujxA0bKyjJl6vHYq,https://api.spotify.com/v1/tracks/0rzaRSujxA0bKyjJl6vHYq,https://api.spotify.com/v1/audio-analysis/0rzaRSujxA0bKyjJl6vHYq,218577,4
3j1xkzTW8owIphkWV51V9s,Like I Love Country Music,Kane Brown,H,0.542,0.82,8,-6.073,1,0.0432,0.000682,0.000136,0.0561,0.702,124.85,audio_features,spotify:track:3j1xkzTW8owIphkWV51V9s,https://api.spotify.com/v1/tracks/3j1xkzTW8owIphkWV51V9s,https://api.spotify.com/v1/audio-analysis/3j1xkzTW8owIphkWV51V9s,234341,4
6NHpyYvJyQsg2nXXzGYc2R,Thought You Should Know,Morgan Wallen,H,0.529,0.695,6,-6.174,1,0.0278,0.488,1.24e-05,0.142,0.514,139.993,audio_features,spotify:track:6NHpyYvJyQsg2nXXzGYc2R,https://api.spotify.com/v1/tracks/6NHpyYvJyQsg2nXXzGYc2R,https://api.spotify.com/v1/audio-analysis/6NHpyYvJyQsg2nXXzGYc2R,215572,4
6F7UOC6fPWOkPqybOWBHSv,If I Was A Cowboy,Miranda Lambert,H,0.575,0.644,6,-5.68,0,0.0309,0.271,0.0,0.131,0.626,80.07,audio_features,spotify:track:6F7UOC6fPWOkPqybOWBHSv,https://api.spotify.com/v1/tracks/6F7UOC6fPWOkPqybOWBHSv,https://api.spotify.com/v1/audio-analysis/6F7UOC6fPWOkPqybOWBHSv,195013,4
7fYRg3CEbk6rNCuzNzMT06,Potion,"Calvin Harris, Dua Lipa & Young Thug",H,0.824,0.697,11,-4.869,0,0.0473,0.158,4.11e-05,0.077,0.757,99.988,audio_features,spotify:track:7fYRg3CEbk6rNCuzNzMT06,https://api.spotify.com/v1/tracks/7fYRg3CEbk6rNCuzNzMT06,https://api.spotify.com/v1/audio-analysis/7fYRg3CEbk6rNCuzNzMT06,214460,4
0QNNd0qMCDbraS1nQPg3aA,Hotel Lobby (Unc And Phew),Quavo & Takeoff,H,0.821,0.636,11,-4.479,1,0.169,0.142,0.0,0.233,0.163,127.961,audio_features,spotify:track:0QNNd0qMCDbraS1nQPg3aA,https://api.spotify.com/v1/tracks/0QNNd0qMCDbraS1nQPg3aA,https://api.spotify.com/v1/audio-analysis/0QNNd0qMCDbraS1nQPg3aA,142657,4
6ws54n2IzyrIxxyzlG2bVJ,Right On,Lil Baby,H,0.535,0.618,2,-5.668,1,0.382,0.0245,0.0,0.103,0.211,165.991,audio_features,spotify:track:6ws54n2IzyrIxxyzlG2bVJ,https://api.spotify.com/v1/tracks/6ws54n2IzyrIxxyzlG2bVJ,https://api.spotify.com/v1/audio-analysis/6ws54n2IzyrIxxyzlG2bVJ,213976,4
35TyJIMR3xRouUuo2sjS6v,Cinema,Harry Styles,H,0.829,0.644,9,-7.696,0,0.0427,0.354,0.0511,0.0944,0.896,105.993,audio_features,spotify:track:35TyJIMR3xRouUuo2sjS6v,https://api.spotify.com/v1/tracks/35TyJIMR3xRouUuo2sjS6v,https://api.spotify.com/v1/audio-analysis/35TyJIMR3xRouUuo2sjS6v,243508,4
2NcQic8JxdjAlAHuNbOIRE,Keep Driving,Harry Styles,H,0.721,0.479,9,-9.669,1,0.226,0.321,0.00156,0.182,0.902,164.948,audio_features,spotify:track:2NcQic8JxdjAlAHuNbOIRE,https://api.spotify.com/v1/tracks/2NcQic8JxdjAlAHuNbOIRE,https://api.spotify.com/v1/audio-analysis/2NcQic8JxdjAlAHuNbOIRE,140242,3
69w5X6uTrOaWM32IetSzvO,Daydreaming,Harry Styles,H,0.707,0.811,4,-5.298,0,0.0304,0.311,0.0152,0.131,0.899,113.971,audio_features,spotify:track:69w5X6uTrOaWM32IetSzvO,https://api.spotify.com/v1/tracks/69w5X6uTrOaWM32IetSzvO,https://api.spotify.com/v1/audio-analysis/69w5X6uTrOaWM32IetSzvO,187342,4
5kVZxyMY1gfdCLiChsfjn1,Yo No Soy Celoso,Bad Bunny,H,0.872,0.588,0,-6.276,1,0.0492,0.275,0.0,0.17,0.93,142.004,audio_features,spotify:track:5kVZxyMY1gfdCLiChsfjn1,https://api.spotify.com/v1/tracks/5kVZxyMY1gfdCLiChsfjn1,https://api.spotify.com/v1/audio-analysis/5kVZxyMY1gfdCLiChsfjn1,230704,4
1mw0RgNXIpYRyyCdBQbLgA,Love Of My Life,Harry Styles,H,0.555,0.536,7,-8.233,1,0.0452,0.669,0.0,0.0623,0.203,118.057,audio_features,spotify:track:1mw0RgNXIpYRyyCdBQbLgA,https://api.spotify.com/v1/tracks/1mw0RgNXIpYRyyCdBQbLgA,https://api.spotify.com/v1/audio-analysis/1mw0RgNXIpYRyyCdBQbLgA,191638,4
2FGOg7uYBfnspkPOISXTFY,Ghost Story,Carrie Underwood,H,0.479,0.742,7,-5.587,1,0.0539,0.0069,0.000834,0.278,0.454,142.909,audio_features,spotify:track:2FGOg7uYBfnspkPOISXTFY,https://api.spotify.com/v1/tracks/2FGOg7uYBfnspkPOISXTFY,https://api.spotify.com/v1/audio-analysis/2FGOg7uYBfnspkPOISXTFY,181400,3
1QPreu0BNOrUfEb8HTd2qG,Rich Spirit,Kendrick Lamar,H,0.852,0.421,10,-9.153,0,0.208,0.428,2.28e-06,0.106,0.457,95.977,audio_features,spotify:track:1QPreu0BNOrUfEb8HTd2qG,https://api.spotify.com/v1/tracks/1QPreu0BNOrUfEb8HTd2qG,https://api.spotify.com/v1/audio-analysis/1QPreu0BNOrUfEb8HTd2qG,202285,4
31i56LZnwE6uSu3exoHjtB,Neverita,Bad Bunny,H,0.876,0.498,10,-7.511,1,0.0478,0.0706,0.0,0.143,0.428,122.016,audio_features,spotify:track:31i56LZnwE6uSu3exoHjtB,https://api.spotify.com/v1/tracks/31i56LZnwE6uSu3exoHjtB,https://api.spotify.com/v1/audio-analysis/31i56LZnwE6uSu3exoHjtB,173119,4
200x8ONbPfFzByUr3fVz46,She Had Me At Heads Carolina,Cole Swindell,H,0.607,0.912,8,-3.449,1,0.0611,0.124,0.0,0.332,0.722,134.944,audio_features,spotify:track:200x8ONbPfFzByUr3fVz46,https://api.spotify.com/v1/tracks/200x8ONbPfFzByUr3fVz46,https://api.spotify.com/v1/audio-analysis/200x8ONbPfFzByUr3fVz46,206107,4
6qj02zSeEJGWZ4c0dn5QzJ,Boyfriends,Harry Styles,H,0.417,0.202,0,-10.976,1,0.0357,0.935,0.0,0.108,0.323,118.029,audio_features,spotify:track:6qj02zSeEJGWZ4c0dn5QzJ,https://api.spotify.com/v1/tracks/6qj02zSeEJGWZ4c0dn5QzJ,https://api.spotify.com/v1/audio-analysis/6qj02zSeEJGWZ4c0dn5QzJ,194544,4
13G5xv1wUKvJYbK0wYmioN,Circles Around This Town,Maren Morris,H,0.591,0.814,4,-4.986,1,0.0468,0.015,0.0,0.117,0.815,149.9,audio_features,spotify:track:13G5xv1wUKvJYbK0wYmioN,https://api.spotify.com/v1/tracks/13G5xv1wUKvJYbK0wYmioN,https://api.spotify.com/v1/audio-analysis/13G5xv1wUKvJYbK0wYmioN,195760,4
0LnS7aOdOdI1dNKZqdOLz4,Dua Lipa,Jack Harlow,H,0.833,0.652,11,-6.942,1,0.0762,0.00161,0.0985,0.106,0.405,158.022,audio_features,spotify:track:0LnS7aOdOdI1dNKZqdOLz4,https://api.spotify.com/v1/tracks/0LnS7aOdOdI1dNKZqdOLz4,https://api.spotify.com/v1/audio-analysis/0LnS7aOdOdI1dNKZqdOLz4,135053,4
1bdm32mVmoGcek5bVKxQKd,DFMU,Ella Mai,H,0.708,0.673,6,-4.163,1,0.0585,0.499,0.000233,0.103,0.311,136.969,audio_features,spotify:track:1bdm32mVmoGcek5bVKxQKd,https://api.spotify.com/v1/tracks/1bdm32mVmoGcek5bVKxQKd,https://api.spotify.com/v1/audio-analysis/1bdm32mVmoGcek5bVKxQKd,197520,4
44XjoNvtwevktFKjvVe1vH,Andrea,Bad Bunny & Buscabulla,H,0.797,0.616,1,-10.229,0,0.375,0.762,0.000293,0.0979,0.451,103.071,audio_features,spotify:track:44XjoNvtwevktFKjvVe1vH,https://api.spotify.com/v1/tracks/44XjoNvtwevktFKjvVe1vH,https://api.spotify.com/v1/audio-analysis/44XjoNvtwevktFKjvVe1vH,339612,4
4XJRpBOG0bU3Nxnvam3FnC,Love You Better,Future,H,0.709,0.357,5,-9.289,1,0.214,0.478,0.000294,0.112,0.544,75.494,audio_features,spotify:track:4XJRpBOG0bU3Nxnvam3FnC,https://api.spotify.com/v1/tracks/4XJRpBOG0bU3Nxnvam3FnC,https://api.spotify.com/v1/audio-analysis/4XJRpBOG0bU3Nxnvam3FnC,129480,4
0BQpyaFrb78b9uobWNheqx,Wild Hearts,Keith Urban,H,0.605,0.786,4,-4.138,1,0.0379,0.00276,0.0,0.347,0.512,116.995,audio_features,spotify:track:0BQpyaFrb78b9uobWNheqx,https://api.spotify.com/v1/tracks/0BQpyaFrb78b9uobWNheqx,https://api.spotify.com/v1/audio-analysis/0BQpyaFrb78b9uobWNheqx,182930,4
3SeeaIXnrCfT88vHVCRWHl,Last Night Lonely,Jon Pardi,H,0.646,0.816,6,-2.65,1,0.0269,0.00496,0.0,0.179,0.865,102.972,audio_features,spotify:track:3SeeaIXnrCfT88vHVCRWHl,https://api.spotify.com/v1/tracks/3SeeaIXnrCfT88vHVCRWHl,https://api.spotify.com/v1/audio-analysis/3SeeaIXnrCfT88vHVCRWHl,181991,4
7A4WmJcWx6KrVRfQ2CP8e7,7500 OBO,Tim McGraw,H,0.528,0.718,7,-6.954,1,0.0337,0.1,0.0,0.304,0.51,155.759,audio_features,spotify:track:7A4WmJcWx6KrVRfQ2CP8e7,https://api.spotify.com/v1/tracks/7A4WmJcWx6KrVRfQ2CP8e7,https://api.spotify.com/v1/audio-analysis/7A4WmJcWx6KrVRfQ2CP8e7,221400,4
0T5iIrXA4p5GsubkhuBIKV,Until I Found You,Stephen Sanchez,H,0.539,0.508,10,-6.05,1,0.0288,0.727,0.0,0.174,0.227,101.358,audio_features,spotify:track:0T5iIrXA4p5GsubkhuBIKV,https://api.spotify.com/v1/tracks/0T5iIrXA4p5GsubkhuBIKV,https://api.spotify.com/v1/audio-analysis/0T5iIrXA4p5GsubkhuBIKV,177720,3
